Target page,Internal links
https://www.sparkshark.com/,26
https://www.sparkshark.com/about-us/,26
https://www.sparkshark.com/blogs/,26
https://www.sparkshark.com/contact-us/,26
https://www.sparkshark.com/electrical-installation/,26
https://www.sparkshark.com/residential-electrical-solutions/,26
https://www.sparkshark.com/electrical-repair-and-service/,25
https://www.sparkshark.com/generators/,25
https://www.sparkshark.com/services/,3
https://www.sparkshark.com/commercial-electrical-solutions/,2
https://www.sparkshark.com/industrial-electrical-solutions/,2
https://www.sparkshark.com/privacy-policy/,2
https://www.sparkshark.com/terms-and-condition/,2