Linking page,Last crawled
https://www.yellowpages.com/oklahoma-city-ok/hunzicker-lighting,2026-05-03
https://twitter.com/The_Spark_Shark,2026-05-02
https://x.com/The_Spark_Shark,2026-05-02
https://www.yellowpages.com/oklahoma-city-ok/messer-electric,2026-05-01
https://www.yellowpages.com/moore-ok/lighting-fixtures,2026-04-29
https://www.yellowpages.com/oklahoma-city-ok/generators,2026-04-19
https://www.yellowpages.com/oklahoma-city-ok/dr-sparks-dds,2026-04-14
https://www.yellowpages.com/midwest-city-ok/lighting-consultants-designers,2026-04-10
https://www.yellowpages.com/oklahoma-city-ok/power-generator-kohler,2026-04-06
https://www.dexknows.com/chickasha-ok/electrical-power-systems-maintenance,2026-04-03
https://smartelectricalservices.net/business/spark-shark-electric-ok-91055/,2026-03-28
http://uscity.net/listing/spark_shark_electric-12248252,2026-03-27
https://www.chamberofcommerce.com/business-directory/oklahoma/moore/electrician/2034210950-spark-shark-electric,2026-03-25
https://best-electrician-moore.com/spark-shark-electric,2026-03-21
https://www.yellowpages.com/oklahoma-city-ok/electrical-power-systems-maintenance,2026-03-17
https://best-electrician-moore.com/,2026-03-12
https://www.yellowpages.com/norman-ok/generators,2026-03-11
https://www.bbb.org/us/ok/moore/profile/electrical-contractors/spark-shark-electric-0995-90130075,2026-02-27
https://www.mapquest.com/us/oklahoma/spark-shark-electric-778761940,2026-02-27
https://www.superpages.com/macomb-ok/generators,2026-02-23
https://www.yellowpages.com/chickasha-ok/generators,2026-02-23
https://www.bbb.org/us/ok/oklahoma-city/profile/electrical-contractors/spark-shark-electric-0995-90130075/addressId/134759,2026-02-12
https://medium.com/family-kids/holiday-hosting-electrical-tips-for-a-safe-worry-free-gathering-7de0e0d42eed,2026-01-07
https://www.reddit.com/r/AskElectricians/comments/1on2zvl/hey_folks_question_on_if_i_need_to_replace_my/,2025-11-30
https://www.provenexpert.com/en-us/spark-shark-electric/,2025-11-21
https://www.callupcontact.com/b/businessprofile/Spark_Shark_Electric/9878135,2025-11-20
https://www.networx.com/c.flanco-electric,2025-11-09
https://www.pinterest.com/sparksharkelectric/,2025-06-03