Top pages,Clicks,Impressions,CTR,Position
https://www.sparkshark.com/,158,6973,2.27%,28.35
https://www.sparkshark.com/?utm_source=google&utm_medium=organic&utm_campaign=gmb_listing,72,7238,0.99%,4.7
https://www.sparkshark.com/?utm_source=directory&utm_medium=referral&utm_campaign=directory_citation,25,4311,0.58%,3.44
https://www.sparkshark.com/residential-electrical-solutions/,6,1938,0.31%,33.94
https://www.sparkshark.com/terms-and-condition/,5,262,1.91%,4.99
https://www.sparkshark.com/2024/01/12/join-our-team-flanco-electric-is-hiring-experienced-journeyman-electricians/,3,16,18.75%,9.06
https://www.sparkshark.com/commercial-electrical-solutions/,2,1844,0.11%,47.34
https://www.sparkshark.com/about-us/,2,1284,0.16%,15.95
https://www.sparkshark.com/electrical-installation/,2,1002,0.2%,19.77
https://www.sparkshark.com/contact-us/,2,976,0.2%,24.48
https://www.sparkshark.com/electrical-repair-and-service/,2,358,0.56%,30.98
https://www.sparkshark.com/generators/,1,3534,0.03%,40.61
https://www.sparkshark.com/services/,1,1757,0.06%,58.96
https://www.sparkshark.com/electrical-panels/,1,679,0.15%,26.28
https://www.sparkshark.com/reviews/,1,173,0.58%,8.79
https://www.sparkshark.com/blogs/,0,614,0%,9.61
https://www.sparkshark.com/industrial-electrical-solutions/,0,551,0%,23.62
https://www.sparkshark.com/services/emergency-electrician/,0,280,0%,11.79
https://www.sparkshark.com/privacy-policy/,0,236,0%,7.86
https://www.sparkshark.com/2024/01/24/why-you-should-hire-a-professional-for-electrical-installations/,0,127,0%,9.09
https://www.sparkshark.com/2024/01/03/stay-powered-up-essential-electrical-winter-safety-tips/,0,118,0%,40.6
https://www.sparkshark.com/our-residential-electrical-services/,0,44,0%,18.84
https://www.sparkshark.com/2024/01/03/ground-fault-interrupters-the-power-of-gfi-outlets-by-flanco-electric/,0,35,0%,16.06
https://www.sparkshark.com/projects/,0,32,0%,4.41
https://www.sparkshark.com/2023/12/28/what-is-lorem-ipsum-2/,0,27,0%,13.11
https://www.sparkshark.com/2024/01/24/why-you-need-a-professional-for-generator-installation/,0,21,0%,35.76
https://www.sparkshark.com/2023/12/28/empower-your-home-the-case-for-upgrading-your-electrical-panel-with-spark-shark/,0,16,0%,35.06
https://www.sparkshark.com/2023/12/29/powering-peace-of-mind-unveiling-the-benefits-of-a-home-generator-with-flanco-electric/,0,12,0%,7.83
https://www.sparkshark.com/2024/01/02/powering-tomorrow-a-comprehensive-guide-to-new-construction-wiring-with-flanco-electric/,0,12,0%,8.42
https://www.sparkshark.com/electrical-inspection-services/,0,11,0%,20.09
https://www.sparkshark.com/fiancing/,0,10,0%,7.6
https://www.sparkshark.com/2023/12/29/closing-the-deal-with-confidence-why-realtors-should-choose-flanco-electric-for-home-repairs/,0,10,0%,8.6
https://www.sparkshark.com/2024/01/01/power-up-your-new-year-the-case-for-whole-home-surge-protectors-with-flanco-electric/,0,9,0%,17
https://www.sparkshark.com/repair/,0,8,0%,3.75
https://www.sparkshark.com/price/,0,8,0%,10
https://www.sparkshark.com/indoor-lighting-installation/,0,4,0%,7.75
https://www.sparkshark.com/2023/12/28/where-does-it-come-from/,0,3,0%,6.67
https://www.sparkshark.com/locations-we-serve/,0,1,0%,8
https://www.sparkshark.com/wp-content/uploads/2023/07/Favicon.png,0,1,0%,9
https://www.sparkshark.com/wp-content/uploads/2026/02/Spark-Shark-Logo-Oklahoma.png,0,1,0%,21