Top queries,Clicks,Impressions,CTR,Position
spark shark electric,96,1001,9.59%,4.42
spark shark,12,343,3.5%,7.44
sparkshark,7,187,3.74%,4.21
electrician near me,3,497,0.6%,4.04
spark shark electric reviews,3,170,1.76%,6.36
shark electric,3,59,5.08%,31.73
electrician norman ok,1,393,0.25%,12.12
commercial electrician oklahoma city,1,91,1.1%,68.55
electrician norman,1,14,7.14%,3.14
electrician in oklahoma,1,6,16.67%,29.17
"electrical contractors and standby generator service providers near 
64.667359, -150.444044",0,3806,0%,1
electrician moore ok,0,812,0%,15.83
generator installation oklahoma city,0,496,0%,29.95
electrician,0,492,0%,1.92
electricians okc,0,349,0%,78.18
electrician oklahoma city,0,343,0%,86.88
sparks electrician,0,241,0%,65.81
generator installation,0,220,0%,5.07
electrician okc,0,220,0%,74.3
backup generator installation sparks,0,206,0%,56.83
electrical contractor,0,176,0%,11
electrician moore,0,160,0%,41.89
generator installation okc,0,157,0%,38.42
commercial electrical service,0,148,0%,27.8
generator installation near me,0,147,0%,6.32
electricians oklahoma city ok,0,134,0%,62.07
electrical contractors okc,0,131,0%,87.81
generator installation sparks,0,127,0%,47.19
electricians in oklahoma city,0,124,0%,74.8
whole-home generator installation in oklahoma city ok,0,122,0%,32.4
electrician sparks,0,121,0%,61.22
oklahoma commercial electrician,0,115,0%,36.07
generator installation moore,0,114,0%,13.46
commercial electrician okc,0,112,0%,56.85
electrical panel upgrades in oklahoma city ok,0,111,0%,37.69
residential electrician okc,0,110,0%,55.05
breaker box replacement in oklahoma,0,103,0%,20.64
sparker electrical,0,95,0%,43.26
ceiling fan installation,0,93,0%,6.44
electricians in oklahoma,0,93,0%,76.22
residential electrician in oklahoma city,0,91,0%,26.58
residential electrical panels oklahoma city,0,91,0%,45.91
commercial electrical construction services,0,90,0%,34.72
residential electrical panels okc,0,82,0%,38.62
generator repair okc,0,82,0%,50.82
who provides electrical panel repair and installation near me?,0,80,0%,1.88
emergency electrician okc,0,79,0%,82.13
electrical maintenance in oklahoma,0,76,0%,86.32
shark spark,0,73,0%,11.33
ceiling fan light repair,0,72,0%,3.1
industrial electrical services oklahoma,0,71,0%,25.07
whole home generators,0,70,0%,1
home generators oklahoma,0,70,0%,69.37
ceiling fan repair,0,64,0%,6.22
electrician in oklahoma city,0,64,0%,60.69
circuit breaker repair,0,62,0%,8.02
okc electrician,0,62,0%,77.74
electricians oklahoma city,0,60,0%,71.02
spark,0,59,0%,6.97
electrician oklahoma city ok,0,59,0%,52.1
local electrician sparks,0,59,0%,86.46
commercial electrical oklahoma,0,58,0%,59.36
electrician blogs,0,55,0%,33.29
residential electrician oklahoma city,0,55,0%,56.25
24/7 emergency electrical repair okc,0,55,0%,78.93
okc residential electricians,0,54,0%,21.54
electrical panels oklahoma city,0,54,0%,30.7
commercial electrical oklahoma city,0,54,0%,43.19
home generator installation in epsom,0,54,0%,77.06
home generator installation oklahoma city,0,52,0%,24.79
industrial electrical repairs oklahoma,0,52,0%,56.12
electrical maintenance services okc,0,49,0%,60.06
electrician del city,0,49,0%,82.82
commercial electrical repairs oklahoma,0,47,0%,71.62
replace circuit breaker,0,46,0%,16.22
generator installation blanchard ok,0,46,0%,57.04
electrical upgrades sparks,0,46,0%,58.8
who provides reliable electrical panel repair and installation near me,0,45,0%,4.02
attic fan installation,0,45,0%,5.44
licensed electrician eskota,0,45,0%,28.91
electrical repair moore,0,45,0%,30.33
electrician in norman,0,44,0%,1.2
electrical contractors generators,0,44,0%,45.16
electrical installation,0,43,0%,11.3
spark electric,0,43,0%,14.95
electric panel replacement oklahoma city,0,43,0%,44.26
sparks generator installation,0,43,0%,55.35
sparks electric,0,42,0%,16.67
residential panel upgrades oklahoma city,0,42,0%,38.88
electrical,0,40,0%,1.52
winter electrical safety tips,0,39,0%,42.21
electrical repair shop near me,0,38,0%,1.87
electrical safety winter,0,37,0%,37.81
generator repair oklahoma city,0,37,0%,52.46
electrical panel repair,0,36,0%,18.33
outdoor lighting installation,0,36,0%,18.78
oklahoma city residential electrician,0,36,0%,75.25
light fixture installation,0,35,0%,2.6
oklahoma city commercial electrician,0,35,0%,52.71
generator installation dibble ok,0,35,0%,63.63
okc standby generator installers,0,34,0%,47.71
ceiling fan installation service,0,33,0%,1.24
electrical panel upgrade cost okc,0,33,0%,24.24
generator installation oklahoma city ok,0,33,0%,24.45
whole-home generator installation in ardmore ok,0,33,0%,49.3
lighting contractor,0,32,0%,4.12
residential electrician eskota,0,32,0%,30.84
industrial electrical repairs oklahoma city,0,32,0%,51.88
oklahoma city emergency electrician,0,32,0%,52.44
mr sparky okc,0,32,0%,64.62
house generator installation,0,30,0%,18.77
generator installation del city,0,30,0%,22.7
generator installation slaughterville ok,0,30,0%,46.73
home generator installation oklahoma,0,30,0%,46.93
commercial electrician del city,0,30,0%,60.67
residential electrician mangum,0,30,0%,71.2
ceiling fan services,0,29,0%,1
clear spark electrics vs local electricians,0,29,0%,15.14
commercial electrician moore,0,29,0%,21.41
home generator installation,0,28,0%,19.86
emergency electrician oklahoma city,0,28,0%,43.57
generator installation companies oklahoma city,0,28,0%,56.39
mister sparky okc,0,28,0%,65.39
electrical oklahoma city,0,28,0%,66.64
electrical repair,0,27,0%,6.93
lighting installation,0,27,0%,9.15
electrical safety okc,0,27,0%,34.74
generator installation edmond,0,27,0%,55.7
ceiling fan installation company,0,26,0%,1.38
ceiling fan repair electrician,0,26,0%,1.38
flanco electric,0,26,0%,24.08
electricians norman ok,0,26,0%,26.08
"home generator installer oklahoma city, ok",0,26,0%,41.5
standby generator oklahoma city,0,26,0%,63.58
commercial electrician sparks,0,26,0%,78.58
generac generator oklahoma city,0,25,0%,36.84
circuit breaker repair oklahoma city ok,0,25,0%,48.6
residential generator installers oklahoma,0,25,0%,49.4
sparks electricians,0,25,0%,57.68
generator installation newcastle ok,0,25,0%,66.84
generator installation services near me,0,24,0%,1.83
generator installation services,0,24,0%,45.62
commercial electrician oklahoma,0,24,0%,58.29
standby generators oklahoma city,0,24,0%,66.96
attic fan installation service,0,23,0%,1
clear spark electrics vs other electrical contractors,0,23,0%,7.91
moore electrician,0,23,0%,15.91
local electricians oklahoma city,0,23,0%,42.74
spark electrical solutions,0,23,0%,57.57
24/7 electrical repair services oklahoma,0,23,0%,59.65
generator installation tuttle ok,0,23,0%,71.87
licensed generator installer,0,22,0%,11.59
generator installation service oklahoma city,0,22,0%,17.45
electrical repair oklahoma city,0,22,0%,44.91
emergency generator installation oklahoma,0,22,0%,56.68
experienced electrician near me,0,21,0%,1
lighting installation companies near me,0,21,0%,6.24
residential electricians moore,0,21,0%,17.76
shark electrical,0,21,0%,22.76
electrical panels okc,0,21,0%,27
electrical contractors oklahoma city,0,21,0%,66.33
electrician 24 hour service,0,20,0%,1
ceiling fan installation norman ok,0,20,0%,2.05
electrician generator installation,0,20,0%,7.25
electrical panel box installation,0,20,0%,12.65
generator installation moore ok,0,20,0%,17.4
generator installation red oak,0,20,0%,32.1
generator installation midwest city,0,20,0%,55.05
electrical repair blanchard ok,0,20,0%,57.95
generator installation lexington ok,0,20,0%,60.95
electric generators oklahoma,0,20,0%,85.2
electrical repair services,0,19,0%,4.16
electrical contractor eskota,0,19,0%,15.84
generator installers okc,0,19,0%,16.53
breaker box replacement,0,19,0%,21
generac home generator installer okc,0,19,0%,38.11
oklahoma city electrician,0,19,0%,53.47
sparks electrical contractors,0,19,0%,63.47
commercial electrician knickerbocker,0,19,0%,66.32
electrical remodel sparks,0,19,0%,70.05
electrical repair norman ok,0,18,0%,1
local electrical repairs near me,0,18,0%,1.67
best electrical repair near me,0,18,0%,3.22
electricians near me,0,18,0%,9.83
home generator installation service oklahoma city,0,18,0%,21.44
oklahoma city generator installation,0,18,0%,59.61
okc electricians,0,18,0%,76.06
electrical repair near me,0,17,0%,2.18
exterior light fixture installation,0,17,0%,4.53
whole house generator installation near me,0,17,0%,4.53
electrical panel replacement oklahoma city,0,17,0%,46.18
generator installation norman ok,0,17,0%,67.18
top-rated commercial electrical services kingfisher ok,0,17,0%,73.71
commercial electrical contractors in oklahoma,0,17,0%,86.35
local electrical repair,0,16,0%,1
circuit breaker repair norman ok,0,16,0%,2.25
outdoor lighting repair,0,16,0%,33.5
generator installation bethany ok,0,16,0%,65
generator installation noble ok,0,16,0%,67.81
ceiling fan repair norman ok,0,15,0%,1
emergency electrician norman,0,15,0%,1.33
residential electrician norman ok,0,15,0%,1.33
sparks,0,15,0%,7.6
home electrician near me,0,15,0%,7.67
residential generator installation,0,15,0%,10.07
shark and spark,0,15,0%,10.87
generator installation service,0,15,0%,24.87
sparks electrical,0,15,0%,52.6
"whole home surge protection oklahoma city, ok",0,15,0%,56
spark electrician,0,15,0%,59
electrician mustang ok,0,15,0%,81.53
electrical panel upgrade leonard ok,0,15,0%,83.2
low voltage electrical contractors near me,0,14,0%,1.14
norman electrician,0,14,0%,3.71
electrical service near me,0,14,0%,5.29
home standby generator installation maintenance oklahoma city,0,14,0%,9.36
professional electrical maintenance services,0,14,0%,11
electrical company near me,0,14,0%,16.71
sparky electrician,0,14,0%,53.43
home electrical repair services oklahoma city ok,0,14,0%,56.14
electrician del city ok,0,14,0%,56.57
electrician blanchard ok,0,14,0%,57.79
electrical contractor oklahoma city,0,14,0%,67.29
local electrician near me,0,13,0%,1
emergency residential electrician near me,0,13,0%,1.85
electrician services near me,0,13,0%,2.54
emergency local electrician,0,13,0%,5.92
fast electrical repair,0,13,0%,12.08
oklahoma city emergency electrical service,0,13,0%,14.62
certified electrician in oklahoma city ok,0,13,0%,15.77
generator services near me,0,13,0%,39.38
electrical panel upgrade oklahoma city,0,13,0%,51.77
spark electricians,0,13,0%,59.15
generator installation mustang ok,0,13,0%,68.69
"commercial electrical services edmond, ok",0,13,0%,79.38
electrician purcell ok,0,13,0%,80.62
electric fan repair shop near me,0,12,0%,1
electric repair service near me,0,12,0%,1
"electrician near -32.976663,151.6897003 google.com/maps",0,12,0%,1
local electrical repairs,0,12,0%,1
electrical breaker repair norman ok,0,12,0%,1.67
experienced electrician,0,12,0%,2.33
electrical panel upgrade services near me,0,12,0%,3.25
emergency electrician,0,12,0%,7.83
electrician contractor,0,12,0%,9.33
kingfisher commercial wiring specialists,0,12,0%,15.58
electrical services,0,12,0%,17.67
electric panel replacement edmond,0,12,0%,49.92
residential electricians del city,0,12,0%,52.08
generator installation knickerbocker,0,12,0%,57.17
electrical services norman ok,0,11,0%,1
electrical repairs near me,0,11,0%,2.82
emergency electrical services,0,11,0%,9.73
electrical panel upgrade moore,0,11,0%,23.55
spark electrical,0,11,0%,36.55
generator installer oklahoma city,0,11,0%,48.45
commercial electrical contractors oklahoma city,0,11,0%,55.64
generac generator installers near me,0,11,0%,56.82
commercial electrician midwest city,0,11,0%,58.55
electric contractors oklahoma city,0,11,0%,64.91
electrical breaker repair oklahoma city ok,0,11,0%,72.55
whole-home generator installation in edmond ok,0,11,0%,74.73
residential electrician knickerbocker,0,11,0%,80.27
electrician near me sparks,0,11,0%,80.91
electrician okc free estimates,0,11,0%,82.27
electrician for lighting installation,0,10,0%,1
patio lighting installation,0,10,0%,5
professional emergency electrician,0,10,0%,10
emergency electrician near me,0,10,0%,10.3
emergency residential electrical repair,0,10,0%,11.8
emergency commercial electrician,0,10,0%,23
electrical company,0,10,0%,27
local electrician oklahoma city,0,10,0%,27.2
electrician in okc,0,10,0%,39.9
oklahoma city generator repair,0,10,0%,50.9
whole home generator installation eskota,0,10,0%,53.8
switch repair oklahoma city ok,0,10,0%,54.2
electrician eskota,0,10,0%,58.2
breaker panel repair oklahoma city,0,10,0%,88.3
"backup generators oklahoma city, ok",0,10,0%,95.8
electrical repairs,0,9,0%,1
electrician for ceiling fan installation,0,9,0%,1
electrician free estimates near me,0,9,0%,1.67
generator repair near me,0,9,0%,5.33
emergency electrician service,0,9,0%,8.33
electrical generator installation,0,9,0%,9
emergency electrical repair,0,9,0%,10
urgent electrical repairs,0,9,0%,10.44
generator installation companies near me,0,9,0%,31.33
"commercial electrical services oklahoma city, ok",0,9,0%,31.89
ceiling fan installation oklahoma city,0,9,0%,44.33
whole home generator installation knickerbocker,0,9,0%,49.78
generator repair mangum,0,9,0%,60.22
ceiling fan installation oklahoma city ok,0,9,0%,61.11
generator installation piedmont ok,0,9,0%,64.78
commercial electrician durant ok,0,9,0%,75.11
home generator maintenance knickerbocker,0,9,0%,76.33
24/7 electrician oklahoma city,0,9,0%,78.78
smart home installation oklahoma city ok,0,9,0%,81.56
electricians free estimates near me,0,8,0%,1
light installation,0,8,0%,1
electrical contractor near me,0,8,0%,3.5
electrical service,0,8,0%,3.5
electrical services near me,0,8,0%,3.5
electric shark,0,8,0%,4.88
electricians norman oklahoma,0,8,0%,5.38
residential electrician services near me,0,8,0%,5.62
lighting installation companies,0,8,0%,6
sharks,0,8,0%,6.75
local emergency electrician,0,8,0%,7.25
emergency electrician services,0,8,0%,7.38
emergency electrical work,0,8,0%,7.75
emergency residential electrician,0,8,0%,8.62
"industrial electrical services oklahoma city, ok",0,8,0%,12.25
professional generator installation,0,8,0%,14.75
circuit breaker repair oklahoma city,0,8,0%,17.62
electrician close to me,0,8,0%,21
residential electrical services oklahoma city ok,0,8,0%,38.38
commercial electrician runnels,0,8,0%,62.62
electricians justice ok,0,8,0%,65.12
electrician jenks ok,0,8,0%,70.25
wiring and rewiring okc,0,8,0%,70.62
light switch installation oklahoma city ok,0,8,0%,70.88
generator installation purcell ok,0,8,0%,71.12
licensed electrician mangum,0,8,0%,77.5
electrician beggs ok,0,8,0%,79.62
home generator installation near me,0,8,0%,90.75
electrician for ceiling fan,0,7,0%,1
electrician in moore,0,7,0%,1
electrician newcastle ok,0,7,0%,1.14
electrician noble ok,0,7,0%,1.57
home generator install near me,0,7,0%,1.86
24 hour electrician near me,0,7,0%,2.57
spark light,0,7,0%,3.14
immediate electrical services,0,7,0%,5.43
electric plug repair,0,7,0%,18.14
home generator installers,0,7,0%,19.14
electrical panel repair oklahoma city ok,0,7,0%,32.57
whole home generator installation near me,0,7,0%,38
sparks electric company,0,7,0%,42.43
patco electrical services,0,7,0%,47.29
generator installation double oak,0,7,0%,53.71
electrical panel installation oklahoma city,0,7,0%,59.14
commercial electrician tesco,0,7,0%,61.43
commercial electrician bethany ok,0,7,0%,70.86
generator installation bridge creek ok,0,7,0%,71.14
backup generator oklahoma city,0,7,0%,73.57
generators oklahoma city,0,7,0%,79.57
ceiling fan install okc,0,7,0%,85.86
electrical panel repair oklahoma city,0,7,0%,87
electrician shelley,0,7,0%,90.86
panel upgrades okc,0,7,0%,100.14
24/7 electrician near me,0,6,0%,1
electrical rewiring moore,0,6,0%,1
electrician 73160,0,6,0%,1
electrical panel upgrade service,0,6,0%,1.83
electrical panel replacement,0,6,0%,2
electrical remodeling services,0,6,0%,2.17
reliable electrician services near me,0,6,0%,4.17
spark shark reviews,0,6,0%,6
electrician emergency services,0,6,0%,7
electrical panel upgrade,0,6,0%,7.67
emergency electrical service,0,6,0%,10
electrical wiring near me,0,6,0%,16.5
emergency electrical repair near me,0,6,0%,20
outlet repair oklahoma city ok,0,6,0%,21.17
electrical panel upgrade del city,0,6,0%,27.17
fred clark electrical contractor,0,6,0%,28.17
generator maintenance oklahoma city,0,6,0%,37.33
electrical repairs oklahoma city,0,6,0%,39.33
generator repair oklahoma city ok,0,6,0%,42.83
sparks power,0,6,0%,46.5
electrical repair jenks ok,0,6,0%,62.67
generac generator service hillsborough,0,6,0%,69.17
automatic generator oklahoma city,0,6,0%,74.67
industrial electrician oklahoma city,0,6,0%,95.5
ceiling fan installation near me,0,5,0%,1
electrician 73170,0,5,0%,1
fan repair shop near me,0,5,0%,1
ok electrician,0,5,0%,1
best electrician near me,0,5,0%,2
norman ok electrician,0,5,0%,3.8
electrical wiring services,0,5,0%,5
smart switch installation near me,0,5,0%,9
24 hour electrician okc,0,5,0%,10.2
emergency electrical repair services,0,5,0%,11
emergency electrical repairs,0,5,0%,12.2
emergency electricians near me,0,5,0%,14.2
emergency electric repair,0,5,0%,14.6
smart home electrician near me,0,5,0%,15.4
emergency electrical services oklahoma city,0,5,0%,15.6
electrical panel installation near me,0,5,0%,15.8
sparks electrical panel installation,0,5,0%,16.4
electrician services,0,5,0%,17
rewiring near me,0,5,0%,21
electrician company,0,5,0%,25
emergency electrical services near me,0,5,0%,26.2
electrical wiring,0,5,0%,29
lighting contractor near me,0,5,0%,29
electrical shark,0,5,0%,35.6
generac okc,0,5,0%,36.4
residential electrician okarche ok,0,5,0%,38.6
best electrician okc,0,5,0%,45.2
generator electricians,0,5,0%,48.8
surge protection installation oklahoma city,0,5,0%,50.6
spark pro electrical,0,5,0%,54.4
mister sparky electrician okc,0,5,0%,54.8
home generator maintenance blackwell,0,5,0%,57.6
oklahoma city electrical contractors,0,5,0%,62
electrical repair leonard ok,0,5,0%,63.8
spark contractor,0,5,0%,64.8
electrical repair del city,0,5,0%,65.8
generator repair knickerbocker,0,5,0%,69.4
breaker panel replacement oklahoma city,0,5,0%,72.2
oklahoma city electricians,0,5,0%,78.8
electric sparks,0,5,0%,79
okc electrical contractors,0,5,0%,85.8
electrical panel electrician oklahoma city,0,5,0%,89.2
electrical panel installation & repair 71225,0,4,0%,1
electrical services norman,0,4,0%,1
electrician for small jobs near me,0,4,0%,1
emergency electrician norman ok,0,4,0%,1
lighting installation service norman,0,4,0%,1
smart switch installation,0,4,0%,1
electrical panel upgrade purcell ok,0,4,0%,1.5
doorbell repair,0,4,0%,2
electrical panel installation,0,4,0%,2.75
affordable electrician near me,0,4,0%,3.25
ceiling fan removal and installation,0,4,0%,4
businesses near me,0,4,0%,5.25
ev home charger installation norman ok,0,4,0%,6.75
shark,0,4,0%,7.5
24/7 emergency electrical repair,0,4,0%,7.75
emergency electrical maintenance services,0,4,0%,9
sharkspark,0,4,0%,10.5
electrical companies,0,4,0%,11
electrical subpanel repair near me,0,4,0%,11
emergency electrical repair service,0,4,0%,12.75
reliable emergency electrical services,0,4,0%,13.25
electrical panels,0,4,0%,13.5
emergency electrical repair services near me,0,4,0%,13.75
professional electrician services,0,4,0%,15.25
emergency electrical service near me,0,4,0%,20.5
electric,0,4,0%,23
generators installation near me,0,4,0%,27
electrical outlet installation oklahoma city,0,4,0%,30.5
electrician spark,0,4,0%,30.5
generac generator service near me,0,4,0%,39.75
outlet replacement,0,4,0%,41
electrician oklahoma,0,4,0%,44.75
electric panel replacement nicholas hills,0,4,0%,45.75
electrical repairs okc,0,4,0%,46
electrician midwest city ok,0,4,0%,50
sparkz electrical,0,4,0%,50.25
commercial electrical services atoka,0,4,0%,54.75
electricians in okc,0,4,0%,58.5
home inspection sparks ok,0,4,0%,60.75
home electrical service oklahoma city ok,0,4,0%,62.25
commercial electrician piedmont ok,0,4,0%,64.75
generac generator installation hillborough,0,4,0%,69.5
outlet installation okc,0,4,0%,70
delco electric okc,0,4,0%,71
spark smith electric,0,4,0%,79
commercial electric repair double oak,0,4,0%,84.5
generac generator installation​ west chester,0,4,0%,85.25
commercial electrician rising star,0,4,0%,86
find spark contractor,0,4,0%,88.25
electrical contractor blog,0,4,0%,89
home generator maintenance eskota,0,4,0%,90.75
richardson residential electrician,0,4,0%,92.25
circuit breaker replacement electrician near me,0,3,0%,1
electrical repair slaughterville ok,0,3,0%,1
electrician midwest city,0,3,0%,1
electricians marketing that actually works in your area,0,3,0%,1
home generator repair near me,0,3,0%,1
lighting electrician near me,0,3,0%,1
local generator installation services,0,3,0%,1
local guide program,0,3,0%,1
electrician open now,0,3,0%,1.67
ceiling fan repair near me,0,3,0%,2.33
electricians,0,3,0%,4.67
24/7 electrical,0,3,0%,5
business near me,0,3,0%,5
spark near me,0,3,0%,5.67
electrician norman oklahoma,0,3,0%,6
65 inch tv panel replacement,0,3,0%,7
electrician urgent,0,3,0%,7.67
oklahoma electricians,0,3,0%,7.67
electric services near me,0,3,0%,9
professional electrician service,0,3,0%,9.67
24 hour electrical repair,0,3,0%,11
noble electric,0,3,0%,13.67
electrical outlet installation near me,0,3,0%,14.33
electrical breaker installation,0,3,0%,18.33
electrical installation service,0,3,0%,21
residential electrician company near me,0,3,0%,23.33
"""flanco electric"" ""oklahoma city""",0,3,0%,26.33
emergency electrician 68028,0,3,0%,27.67
oklahoma electrician,0,3,0%,32.67
generac generators installers near me,0,3,0%,42.67
home generator installation service near me,0,3,0%,53.33
all sparks electrical,0,3,0%,59
commercial electrician mangum,0,3,0%,62
do electricians install generators,0,3,0%,63.33
electrician winters,0,3,0%,66.33
residential electricians midwest city,0,3,0%,67.33
electrician jenks,0,3,0%,67.67
generac generator installation​ oxford,0,3,0%,68.33
oklahoma city local electricians,0,3,0%,70
electrician companies oklahoma city,0,3,0%,76
generator installation carlsbad,0,3,0%,79.33
winter electrical safety guide minneapolis,0,3,0%,81.33
residential electrician rising star,0,3,0%,82
electrical repair bixby ok,0,3,0%,82.33
spark okc,0,3,0%,85.67
electrical repair beggs ok,0,3,0%,90
licensed electrician kingfisher ok,0,3,0%,93.33
generator installation aubrey,0,3,0%,95.33
24-hour electrician near me,0,2,0%,1
barrie electrician,0,2,0%,1
electrical panel installation services,0,2,0%,1
electrical panel repair near me,0,2,0%,1
electrical panel upgrade slaughterville ok,0,2,0%,1
electrical repair noble ok,0,2,0%,1
electrical repair purcell ok,0,2,0%,1
electrical service panel upgrade near me,0,2,0%,1
electrician near me open now,0,2,0%,1
emergency commercial electrician near me,0,2,0%,1
home electrician services,0,2,0%,1
home generators,0,2,0%,1
licensed electrician norman ok,0,2,0%,1
light switch installation norman ok,0,2,0%,1
local generator installer,0,2,0%,1
local licensed electrician,0,2,0%,1
low voltage electrician near me,0,2,0%,1
outlet installation norman ok,0,2,0%,1
rewiring electrician,0,2,0%,1
smart electrical panel installation,0,2,0%,1
whole home generator installation,0,2,0%,1
top rated electricians near me,0,2,0%,2
cable installation,0,2,0%,2.5
electricians in norman,0,2,0%,3.5
electrcian near me,0,2,0%,4
emergency electrician normantown,0,2,0%,5
norman ok electricians,0,2,0%,5.5
electrician free estimate near me,0,2,0%,6
sparksharkelectric.com,0,2,0%,6
find electrician,0,2,0%,7
local electricians and backup generator companies 8429 lakeview trail,0,2,0%,7.5
24/7 electric,0,2,0%,8
spark locations,0,2,0%,8
affordable electrician,0,2,0%,9
electric panel upgrade,0,2,0%,9
circuit breaker panel replacement,0,2,0%,9.5
circuit breaker installation,0,2,0%,11
doorbell installation,0,2,0%,11
home electrical repairs,0,2,0%,11
indoor lighting installation,0,2,0%,11
wire installation,0,2,0%,11
replacing ceiling fan,0,2,0%,13.5
cable installation technician,0,2,0%,14
businesses,0,2,0%,15
electricians wire puller,0,2,0%,15
24/7 electrical services,0,2,0%,15.5
electrical+panel+installation+near+me,0,2,0%,16.5
house surge protector installation near me,0,2,0%,17
generac generator okc,0,2,0%,17.5
smart home lighting electrician near me,0,2,0%,19
best electricians okc,0,2,0%,20
electrical wiring repair near me,0,2,0%,20
commercial electrician sugar loaf id,0,2,0%,21
electrical maintenance services sugar loaf id,0,2,0%,21
lighting installation near me,0,2,0%,21
ceiling fans near me,0,2,0%,23
electrical generator installer,0,2,0%,25
flanco okc,0,2,0%,25.5
electric contractors near me,0,2,0%,26
shark electricals,0,2,0%,26
electrical repair company near me,0,2,0%,28.5
commercial electrician bernecker,0,2,0%,30.5
generator installation nicholas hills,0,2,0%,31
electrical upgrades oklahoma city,0,2,0%,31.5
oklahoma city home electrical repair services,0,2,0%,31.5
spark electrical services,0,2,0%,35
starks electric,0,2,0%,35
sparking outlet electrician near me,0,2,0%,36.5
oklahoma generator installation,0,2,0%,38.5
affordable residential electricians near me,0,2,0%,40
electric panel installation,0,2,0%,41
electrical panel repairs,0,2,0%,41
commercial electrical services kingfisher,0,2,0%,41.5
home inspectors sparks ok,0,2,0%,45
electrical panel upgrade jenks ok,0,2,0%,46
sparks company inc,0,2,0%,46.5
nefco electric,0,2,0%,47
commercial electrical contractor kingfisher,0,2,0%,50.5
stark electrical,0,2,0%,50.5
generator installation mangum,0,2,0%,52.5
white sparks electrical,0,2,0%,54.5
sparks electric motor,0,2,0%,55
backup generator installation cost okc,0,2,0%,60
spark electric service,0,2,0%,62
sparks electric ithaca,0,2,0%,63
"electrician jenks, ok",0,2,0%,67.5
spark electricals,0,2,0%,67.5
spark technician,0,2,0%,68
spark and company,0,2,0%,68.5
generator installation service near me,0,2,0%,69
electrical companies okc,0,2,0%,70
generac dealers oklahoma city,0,2,0%,71
commercial electrical contracting oklahoma city ok,0,2,0%,73
dr sparks electric,0,2,0%,74.5
commercial electrical contractors newark,0,2,0%,78.5
electrical contractors in oklahoma city,0,2,0%,84.5
generator installation company oklahoma city,0,2,0%,86
sparks generator repair,0,2,0%,86
electricians okc ok,0,2,0%,89.5
electrician services oklahoma city,0,2,0%,90
generator installation yukon ok,0,2,0%,92
outlet installation oklahoma city,0,2,0%,96
local and licensed electrical,0,2,0%,96.5
commercial electrical services oklahoma city,0,2,0%,97
flickering light repair okc,0,2,0%,97.5
24 hour electricians near me,0,1,0%,1
24 hours electrician near me,0,1,0%,1
24 hrs electrician near me,0,1,0%,1
attic fan installation near me,0,1,0%,1
breaker panel repair and installation,0,1,0%,1
buisnesses near me,0,1,0%,1
ceiling fan repair oklahoma city ok,0,1,0%,1
ceiling fan repair service near me,0,1,0%,1
ceiling fan service near me,0,1,0%,1
ceiling fans installation,0,1,0%,1
ceiling light installation,0,1,0%,1
certified electrician near me,0,1,0%,1
cheap electrician near me,0,1,0%,1
cheapest electrician near me,0,1,0%,1
dharks,0,1,0%,1
electrians,0,1,0%,1
electric electrician,0,1,0%,1
electric generator repair service,0,1,0%,1
electric installer,0,1,0%,1
electric repair,0,1,0%,1
electricain,0,1,0%,1
electrical contractor norman ok,0,1,0%,1
electrical installation near me,0,1,0%,1
electrical panel repair norman ok,0,1,0%,1
electrical panel replacement service,0,1,0%,1
electrical places near me,0,1,0%,1
electrical repair norman,0,1,0%,1
electrical rewiring near me,0,1,0%,1
electrical work near me,0,1,0%,1
electrician for outdoor lighting,0,1,0%,1
electrician near me 24 7,0,1,0%,1
electrician near me to install ceiling fan,0,1,0%,1
electrician reviews near me,0,1,0%,1
electrician slaughterville ok,0,1,0%,1
electrician sparky,0,1,0%,1
electrician to install generator transfer switch near me,0,1,0%,1
electrician tuttle ok,0,1,0%,1
"electricians and standby generator installers near 2128 eastwood boulevard 
excluding 801electric.com",0,1,0%,1
electritan,0,1,0%,1
eletrician,0,1,0%,1
emergency electrican near me,0,1,0%,1
emergency electrician near me 24 7,0,1,0%,1
exterior lighting installation services,0,1,0%,1
fence charger repair near me,0,1,0%,1
find an electrician near me,0,1,0%,1
forest electric,0,1,0%,1
free estimate electrician near me,0,1,0%,1
home electrical repair services norman ok,0,1,0%,1
home electrical service norman ok,0,1,0%,1
home electrician,0,1,0%,1
hot tub wiring electrician,0,1,0%,1
independent electrician near me,0,1,0%,1
licensed and insured electricians near me,0,1,0%,1
lighting installation norman ok,0,1,0%,1
local electrician,0,1,0%,1
oklahoma city spark,0,1,0%,1
outdoor lighting,0,1,0%,1
panel replacement,0,1,0%,1
reputable emergency electrician near me,0,1,0%,1
residential electrical services norman ok,0,1,0%,1
residential electrician near me for small jobs,0,1,0%,1
residential rewiring,0,1,0%,1
rewiring whole house,0,1,0%,1
ring installers near me,0,1,0%,1
shark tech,0,1,0%,1
spkshark,0,1,0%,1
tv cable companies near me,0,1,0%,1
whole house generator,0,1,0%,1
24/7 emergency electrician near me,0,1,0%,2
cable services,0,1,0%,2
electrical panel shop,0,1,0%,2
electrical replacement,0,1,0%,2
electrical+wiring+repair,0,1,0%,2
electricians near me within 5 mi,0,1,0%,2
"evaluate the residential and commercial home services company service 
professionals on generator installation services",0,1,0%,2
how to find an electrician near me,0,1,0%,2
installation,0,1,0%,2
park the shark,0,1,0%,2
sparkpower,0,1,0%,2
who repairs attic fans,0,1,0%,2
hire electrician,0,1,0%,3
on call electrician,0,1,0%,3
ring doorbell installation service,0,1,0%,3
cable company in my area,0,1,0%,4
generator installation and repair service,0,1,0%,4
ring installation service,0,1,0%,4
electric provider by address,0,1,0%,5
emergency electrician forest view,0,1,0%,5
install attic fan,0,1,0%,5
blanchard electric,0,1,0%,6
commercial electrical installation services near me,0,1,0%,6
electric near me,0,1,0%,6
installing ceiling fan,0,1,0%,6
is there others,0,1,0%,6
okc electrical inspections,0,1,0%,6
ring camera installation,0,1,0%,6
after hours electrician near me,0,1,0%,7
do i need an electrician to change a light fixture,0,1,0%,7
electricity parts,0,1,0%,7
electrictrician near me,0,1,0%,7
soark,0,1,0%,7
yelp electricians backup generator installation usa,0,1,0%,7
newcastle electrician,0,1,0%,8
spark phone number,0,1,0%,8
engineer,0,1,0%,9
jeff harris moore's electrical & mechanical jeff-harris-6161bb111,0,1,0%,9
local residential electrician near me,0,1,0%,9
norman electric,0,1,0%,9
who sells ceiling fans near me,0,1,0%,9
вариант 3,0,1,0%,9
24 hour electrician,0,1,0%,10
electrical repair service norman ok,0,1,0%,10
electrician blog,0,1,0%,10
ev charger installers okc,0,1,0%,10
sharks near me,0,1,0%,10
spark home services,0,1,0%,10
sparks plumbers,0,1,0%,10
appliance circuit installation near me,0,1,0%,11
electrical circuit breaker testing,0,1,0%,11
general electrical repair service,0,1,0%,11
residential electrical inspection near me,0,1,0%,11
electrician electrical panel installation,0,1,0%,12
ring doorbell and installation,0,1,0%,12
spark works electrical,0,1,0%,12
sparks electrical services,0,1,0%,12
sparky electrician near me,0,1,0%,12
"what are the benefits of hiring a professional for generator setup instead 
of diy?",0,1,0%,12
cable technician,0,1,0%,13
cutler-hammer electrical panel installation,0,1,0%,13
electrical cable assembly service company,0,1,0%,13
electrical panel box upgrade,0,1,0%,13
electrician tools cables installation,0,1,0%,13
home electrical panel upgrade,0,1,0%,13
surge protection maintenance,0,1,0%,13
circuit breaker replacement,0,1,0%,14
electricians brooklyn park,0,1,0%,14
industrial electrician in concord,0,1,0%,14
installing ceiling fan with light,0,1,0%,14
spider box for electrical contractors,0,1,0%,15
electric power washer troubleshooting,0,1,0%,16
lighting assembly,0,1,0%,16
remodel electrical box,0,1,0%,16
electric company for my area,0,1,0%,17
electrician to install generator,0,1,0%,17
top rated electrician near me,0,1,0%,17
clear spark electrics 24/7 emergency electrician,0,1,0%,19
clear spark electrics cctv installation,0,1,0%,19
power electrician,0,1,0%,19
sparks electrical panel repair,0,1,0%,19
tv repair near me,0,1,0%,19
generator installation expert,0,1,0%,20
gfci outlet installation oklahoma city,0,1,0%,20
home generator installation services,0,1,0%,20
sharco electric,0,1,0%,20
"""lighting installation""",0,1,0%,21
circuit breaker repair near me,0,1,0%,21
electrical wiring house,0,1,0%,21
electrical wiring installation,0,1,0%,21
electrician edmond,0,1,0%,21
home electrical inspections,0,1,0%,21
ring camera installation near me,0,1,0%,21
david long electrical,0,1,0%,23
electrician for new construction,0,1,0%,24
generac installer near me,0,1,0%,24
best electricians in oklahoma city,0,1,0%,27
commercial electrical contracting services,0,1,0%,27
generator service and repair,0,1,0%,27
hspark electrical,0,1,0%,27
backup generator installation in pembroke,0,1,0%,28
electrical companies blackwell,0,1,0%,28
things that are open,0,1,0%,28
commercial new construction electrical,0,1,0%,29
reef spark electrical,0,1,0%,30
commercial electrician hampstead,0,1,0%,31
residential electrical service near me,0,1,0%,31
generator repair services,0,1,0%,32
breaker box replacement near me,0,1,0%,33
electrical outlet repair oklahoma city,0,1,0%,33
generator installers,0,1,0%,33
residential electrical maintenance services,0,1,0%,33
residential generator install,0,1,0%,33
spark power,0,1,0%,36
spark pro electric llc,0,1,0%,36
electrical repairs okarche ok,0,1,0%,37
electrical contractors in oklahoma,0,1,0%,38
emergency electrician tulsa,0,1,0%,38
electrical repair contractors near me,0,1,0%,40
electric panel repair,0,1,0%,41
electrical outlet & switch repair,0,1,0%,41
electrical outlet and switch repair,0,1,0%,41
generator repair services okc,0,1,0%,41
light fixture repair,0,1,0%,41
professional electrical wiring installation,0,1,0%,41
repair electrical outlet,0,1,0%,41
sparc electrical,0,1,0%,42
spark electrician services,0,1,0%,43
whole home generator installers near me,0,1,0%,43
emergency electrician kingfisher ok,0,1,0%,44
home electrical repair near me,0,1,0%,45
why hire an electrician,0,1,0%,45
generator installation sanger,0,1,0%,46
prime spark electrical,0,1,0%,46
residential electrical repairs near me,0,1,0%,46
electrical repair service near me,0,1,0%,47
generator installation blackwell,0,1,0%,47
home electrical repair services near me,0,1,0%,47
power sparks,0,1,0%,47
sparks okc,0,1,0%,47
electrician okarche ok,0,1,0%,48
commercial electrician blackwell,0,1,0%,49
generac generator installation near me,0,1,0%,49
oklahoma generators,0,1,0%,49
spark it up electric,0,1,0%,49
whole home generator installation carlsbad,0,1,0%,49
all spark electric,0,1,0%,50
generac oklahoma city,0,1,0%,50
sparks ltd,0,1,0%,50
generator installation enid,0,1,0%,51
electrical companies eskota,0,1,0%,52
sparks services,0,1,0%,52
electrical repair dibble ok,0,1,0%,53
commercial electrician,0,1,0%,55
generator repair blackwell,0,1,0%,56
commercial electrical contractors in epsom,0,1,0%,58
electricians in oklahoma city ok,0,1,0%,59
space electrical,0,1,0%,59
standby generator installation services,0,1,0%,59
sparks electronic,0,1,0%,60
electrician carss park,0,1,0%,62
home electrical installation oklahoma city,0,1,0%,62
electricians jenks ok,0,1,0%,63
generator installation edmond ok,0,1,0%,63
kenco electrical services,0,1,0%,63
spark electric inc,0,1,0%,64
sparked electrical,0,1,0%,64
allspark electrical,0,1,0%,65
emergency electrician tiburon,0,1,0%,65
circuit installation okc,0,1,0%,66
generators oklahoma,0,1,0%,66
top-rated residential electrician kingfisher ok,0,1,0%,66
electrical panel upgrade dibble ok,0,1,0%,67
all spark electrical,0,1,0%,68
bright spark electrical,0,1,0%,68
electricians in oklahoma city oklahoma,0,1,0%,69
commercial electrician moore ok,0,1,0%,70
emergency commercial electrical repairs oklahoma,0,1,0%,70
allspark electric,0,1,0%,71
gfi power,0,1,0%,71
electrical companies in okc,0,1,0%,72
electrician ozark,0,1,0%,73
patco electrical contractors,0,1,0%,73
commercial electric repair,0,1,0%,75
sparkes electrical,0,1,0%,76
emergency electrician drummond,0,1,0%,77
house electricians,0,1,0%,79
lamp repair okc,0,1,0%,79
residential electrical wiring oklahoma city,0,1,0%,79
commercial electrician york,0,1,0%,82
well spark,0,1,0%,83
electrical contractor oklahoma city ok,0,1,0%,85
"spark smith electric, inc.",0,1,0%,85
emergency electrician jenks ok,0,1,0%,86
commercial electrical contracting midwest city ok,0,1,0%,87
commercial electrician company oklahoma city ok,0,1,0%,87
blog electrician,0,1,0%,88
electrical repair okc,0,1,0%,88
top electrician oklahoma city okla.,0,1,0%,92
commercial electrician services in epsom,0,1,0%,93
oklahoma city ok electricians,0,1,0%,93
carrasco electrical services,0,1,0%,94
electrician mangum,0,1,0%,94
electrician ok,0,1,0%,95
professional generator setup,0,1,0%,95
commercial electrical contractors oklahoma,0,1,0%,96
commercial electrical services near me,0,1,0%,96
sparks electrical panel upgrades,0,1,0%,96
home generator maintenance near me,0,1,0%,98
winter electrical,0,1,0%,98
24 hour electrician oklahoma city,0,1,0%,100
electricians oologah ok,0,1,0%,100
generator installation excelsior,0,1,0%,100
mr sparks electrical,0,1,0%,100
outlet repair norman ok,0,1,0%,100
peacock electrical,0,1,0%,100
commercial electrician oklahoma county,0,1,0%,101
generator installation cost in oklahoma,0,1,0%,102
commercial electricians in lusk,0,1,0%,107