URL,Last crawled
https://www.sparkshark.com/,2026-05-04
https://www.sparkshark.com/2024/01/24/why-you-need-a-professional-for-generator-installation/,2026-05-03
https://www.sparkshark.com/commercial-electrical-solutions/,2026-05-02
https://www.sparkshark.com/blogs/,2026-05-02
https://www.sparkshark.com/terms-and-condition/,2026-04-27
https://www.sparkshark.com/2023/12/29/powering-peace-of-mind-unveiling-the-benefits-of-a-home-generator-with-flanco-electric/,2026-04-27
https://www.sparkshark.com/2023/12/28/empower-your-home-the-case-for-upgrading-your-electrical-panel-with-spark-shark/,2026-04-25
https://www.sparkshark.com/electrical-installation/,2026-04-25
https://www.sparkshark.com/services/emergency-electrician/,2026-04-21
https://www.sparkshark.com/residential-electrical-solutions/,2026-04-19
https://www.sparkshark.com/electrical-repair-and-service/,2026-04-14
https://www.sparkshark.com/contact-us/,2026-04-13
https://www.sparkshark.com/2024/01/03/stay-powered-up-essential-electrical-winter-safety-tips/,2026-04-03
https://www.sparkshark.com/2024/01/24/why-you-should-hire-a-professional-for-electrical-installations/,2026-03-30
https://www.sparkshark.com/indoor-lighting-installation/,2026-03-28
https://www.sparkshark.com/2023/12/29/closing-the-deal-with-confidence-why-realtors-should-choose-flanco-electric-for-home-repairs/,2026-03-26
https://www.sparkshark.com/privacy-policy/,2026-03-22
https://www.sparkshark.com/generators/,2026-03-21
https://www.sparkshark.com/services/,2026-03-17
https://www.sparkshark.com/industrial-electrical-solutions/,2026-03-16
https://www.sparkshark.com/electrical-panels/,2026-03-13
https://www.sparkshark.com/about-us/,2026-03-04